{
 "_meta": {
  "source": "arn:aws:braket:us-west-1::device/qpu/rigetti/Cepheus-1-108Q",
  "pulled_utc": "2026-06-21",
  "note": "CZ interleaved-RB standardError per pair; measurement-precision magnitude set by device RB design (n_seeds/shots), pinned for reproducible sigma refinement"
 },
 "cz_standard_error": {
  "92-93": 0.005719645269971766,
  "76-77": 1.0,
  "40-41": 0.0035673340598977375,
  "20-21": 0.004220457997985393,
  "24-25": 0.0007925256438460701,
  "60-61": 0.010643426122791531,
  "72-73": 1.0,
  "0-1": 0.003069409934168342,
  "36-37": 1.0,
  "4-5": 0.002257759806443278,
  "56-57": 0.0017231818036378454,
  "96-97": 0.005624707305164562,
  "97-98": 0.002721386863467383,
  "25-26": 0.0005747084404907163,
  "21-22": 0.004188410103951815,
  "1-2": 1.0,
  "77-78": 0.0010197077579399971,
  "61-62": 0.0052313420878140875,
  "57-58": 0.0024899287331251463,
  "41-42": 1.0,
  "73-74": 0.0027592752226034403,
  "93-94": 0.0010708822875771997,
  "5-6": 0.0022638432826837,
  "37-38": 1.0,
  "18-19": 1.0,
  "2-3": 0.008671760686882222,
  "38-39": 0.001020775079760253,
  "74-75": 0.0012603109593664994,
  "78-79": 0.0011972353085771188,
  "54-55": 0.03437156544046443,
  "58-59": 0.002165841779777144,
  "42-43": 0.0017019336788132082,
  "90-91": 0.0009671485877185612,
  "94-95": 0.001040776604461868,
  "6-7": 0.0010938599532050682,
  "22-23": 0.0013945055367313903,
  "23-24": 0.0015086733280451053,
  "43-44": 0.0021161644512170475,
  "79-80": 0.0012974051546457547,
  "95-96": 0.0025511061243251227,
  "19-20": 0.031034876643235523,
  "39-40": 0.0008482797472949477,
  "91-92": 0.002802194435856994,
  "59-60": 0.003801061821360124,
  "55-56": 0.002970699249174206,
  "75-76": 1.0,
  "3-4": 0.002669044088090498,
  "101-102": 0.0008133856839194981,
  "81-82": 0.0012680966718690231,
  "45-46": 1.0,
  "105-106": 1.0,
  "65-66": 0.0013047127042860747,
  "49-50": 1.0,
  "69-70": 0.010616600237586395,
  "85-86": 1.0,
  "13-14": 0.0023224763387061794,
  "33-34": 0.001526743661002416,
  "9-10": 0.001291954038733495,
  "29-30": 0.001697740094087405,
  "46-47": 1.0,
  "30-31": 0.002150172511173226,
  "34-35": 0.005009626206960339,
  "106-107": 0.0016685835104257357,
  "50-51": 0.003628620969603123,
  "86-87": 0.0022401627081563708,
  "10-11": 0.005881657352697751,
  "102-103": 0.0004558955798152827,
  "66-67": 0.002708691664872324,
  "82-83": 0.0036629530865135264,
  "14-15": 0.0010486944395000715,
  "70-71": 1.0,
  "63-64": 0.005746067066405239,
  "99-100": 0.0005225516229930184,
  "67-68": 0.00219915818965297,
  "51-52": 0.0038946028769058743,
  "83-84": 0.007908213342380606,
  "87-88": 0.0018101038434383768,
  "103-104": 0.00048756602695382344,
  "15-16": 1.0,
  "47-48": 0.002159786583789454,
  "27-28": 0.002307578858806913,
  "31-32": 0.0008753749882302367,
  "11-12": 0.006393955306500006,
  "104-105": 0.001066861892136426,
  "28-29": 0.00148284467499656,
  "12-13": 1.0,
  "64-65": 0.0012287785557848364,
  "32-33": 0.0036246295841203943,
  "84-85": 0.0012693301194342949,
  "100-101": 0.0005992678415446437,
  "48-49": 1.0,
  "88-89": 0.0009727441345728924,
  "68-69": 0.00973214282568842,
  "52-53": 0.0008393971814466409,
  "16-17": 0.002564199111042371,
  "44-53": 0.0030788723766060266,
  "24-33": 0.002409953082238829,
  "80-89": 0.001062347720583986,
  "92-101": 1.0,
  "4-13": 0.0022405641601617376,
  "76-85": 1.0,
  "36-45": 1.0,
  "0-9": 0.0006915279158768565,
  "56-65": 0.001056102407273773,
  "60-69": 0.0020877021783478507,
  "40-49": 0.005273136174014181,
  "72-81": 1.0,
  "20-29": 0.0013808570921952823,
  "96-105": 1.0,
  "29-38": 0.0012966717987550514,
  "33-42": 0.010132910915222068,
  "81-90": 0.0006070976622404443,
  "45-54": 1.0,
  "49-58": 0.004469842343324653,
  "69-78": 0.003918210972248253,
  "13-22": 0.0011455164351010989,
  "17-26": 0.0010604982178181192,
  "9-18": 0.0021095564342060885,
  "89-98": 0.002398176424073462,
  "65-74": 0.0009583887015331788,
  "85-94": 1.0,
  "53-62": 1.0,
  "6-15": 0.0018354061530131544,
  "42-51": 0.013377527845411076,
  "18-27": 1.0,
  "54-63": 0.0046078807630473345,
  "94-103": 0.0007786333161181557,
  "98-107": 0.002364597708054467,
  "2-11": 0.005781164715831656,
  "22-31": 0.003696211122204734,
  "62-71": 0.0012440829543390389,
  "26-35": 0.0011746153174007185,
  "38-47": 0.0009533671398342108,
  "58-67": 0.0024323425793840053,
  "74-83": 0.0019602291115486652,
  "78-87": 0.0021103764132880776,
  "90-99": 0.0006640509995616316,
  "27-36": 0.0034721329986144474,
  "11-20": 0.001691979693095964,
  "47-56": 0.0018059216267921336,
  "31-40": 0.001020947128183338,
  "71-80": 0.005286705708667282,
  "63-72": 0.001175255574116301,
  "83-92": 0.04925424246388857,
  "15-24": 0.00129738218309548,
  "51-60": 0.005557651709421092,
  "35-44": 0.0011709407727834135,
  "87-96": 0.002191816225352615,
  "67-76": 1.0,
  "1-10": 0.0029348592013931094,
  "21-30": 0.003058310123371909,
  "77-86": 0.0012617475842498166,
  "97-106": 1.0,
  "25-34": 0.002437464636077784,
  "93-102": 0.000796920034059289,
  "41-50": 1.0,
  "61-70": 1.0,
  "73-82": 0.0017178800426040784,
  "57-66": 0.002090803511946546,
  "5-14": 0.0018245609876135717,
  "37-46": 1.0,
  "82-91": 0.002073423130345114,
  "46-55": 0.00967451607829772,
  "66-75": 0.0022760226365047,
  "34-43": 0.0019354618843918025,
  "30-39": 0.0014965889043666186,
  "50-59": 0.008767251707910246,
  "70-79": 0.00564995854540435,
  "86-95": 0.001308640009756511,
  "10-19": 1.0,
  "14-23": 0.0006817108791307934,
  "55-64": 0.0014861830906288264,
  "43-52": 0.0013833469361338737,
  "91-100": 0.0006983705103313432,
  "59-68": 0.0028239721467989507,
  "95-104": 0.0007078774594772868,
  "79-88": 0.0017963928694884888,
  "19-28": 1.0,
  "39-48": 0.001595104139441902,
  "75-84": 0.002274922069546811,
  "3-12": 1.0,
  "23-32": 0.004393334959770356,
  "7-16": 0.0025224345795288677,
  "84-93": 0.0010004560285669071,
  "52-61": 0.004198776559334813,
  "48-57": 0.0028704085833845144,
  "68-77": 0.0011862937540741594,
  "16-25": 0.0007264525028577278,
  "28-37": 0.004704044398076379,
  "32-41": 1.0,
  "12-21": 1.0,
  "88-97": 0.002543146386171728,
  "64-73": 1.0
 }
}